displayName,nGuests
Mr. 71.3543127712465,5
Mr. 24.3735335713332,3
Mr. 58.4002370719916,1
Mr. 37.9990269727121,3
Mr. 74.2744487401827,5
Mr. 0.12530824797942,2
Mr. 13.339169408255,5
Mr. 76.9371955671302,5
Mr. 6.10276494007672,1
Mr. 88.3852856792896,3
Mr. 39.5628617671772,4
Mr. 89.6210562432055,1
Mr. 15.9188369216756,1
Mr. 28.6012342827032,4
Mr. 99.3003052313208,3
Mr. 38.2836745316182,4
Mr. 95.6955252111334,1
Mr. 28.4367412967477,2
Mr. 99.7512046912196,4
Mr. 61.6051544939856,1
Mr. 65.4477959573086,3
Mr. 79.1431556619174,4
Mr. 3.03897529082415,2
Mr. 93.1789093438901,3
Mr. 29.6001392916937,2
Mr. 68.4631128224378,4
Mr. 57.8904248070329,3
Mr. 81.6431503036899,3
Mr. 71.1405603759164,3
Mr. 94.7674723193031,1
Mr. 18.2917886935864,1
Mr. 2.7516292672662,3
Mr. 63.8986620408392,5
Mr. 81.9281877928126,3
Mr. 23.4527627205976,5
Mr. 57.271,4
Mr. 12.68,1
Mr. 30.855,3
Mr. 88.117,5
Mr. 42.83,5
Mr. 76.008,3
Mr. 20.678,5
Mr. 92.591,1
Mr. 72.711,5
Mr. 86.869,2
Mr. 90.224,1
Mr. 67.817,2
Mr. 90.058,5
Mr. 63.13,2
Mr. 88.749,4
Mr. 42.401,4
Mr. 92.094,2
Mr. 91.181,4
Mr. 83.812,2
Mr. 55.712,4
Mr. 35.678,5
Mr. 73.891,2
Mr. 53.703,4
Mr. 44.006,5
Mr. 42.886,2
Mr. 57.096,1
Mr. 72.062,3
Mr. 74.969,1
Mr. 63.308,1
Mr. 87.614,3
Mr. 13.072,1
Mr. 40.183,4
Mr. 78.346,2
Mr. 10.177,1
Mr. 67.076,2
Mr. 14.695,1
Mr. 52.045,2
Mr. 80.684,4
Mr. 58.496,2
Mr. 58.222,3
Mr. 42.858,3
Mr. 58.836,3
Mr. 0.619,1
Mr. 63.483,4